id,site,journey,result,what_i_did,what_happened,expected,screenshot,time_pt
J01,www.thecurecompany.com,"Arrive on home page, pass age gate",pass with friction,Opened https://www.thecurecompany.com/ in a fresh session; closed VIP pop-up; clicked YES.,"Age gate + cookie notice shown; AlpineIQ 'Sign Up For VIP Deals' pop-up opens on top of the age gate first. YES dismisses the gate. YES/NO are divs, not buttons.","Age gate first, no marketing pop-up stacked on top of it.",raw/recon/ag_0_arrival.png,2026-09-27 12:33 PM PT
J02,www.thecurecompany.com,Choose pickup location,pass with friction,Clicked 'Choose Your Location' and picked Melrose.,"Picker lists stores by slug (e.g. 'The-Cure-Company-Melrose'); after choosing, header shows 'PICKUP | 4316 Melrose Avenue...' and cards switch from 'Check Availability' to 'Add To Cart'.",Readable store names; clear that a store must be picked to buy.,raw/recon/loc_0_picker.png,2026-09-27 12:33 PM PT
J03,www.thecurecompany.com,Browse category (Flower),pass with friction,Shop > Flower 'View All' (/category?name=flower).,315 results with infinite scroll (20 -> 280 after scrolling). Flower list contains pre-rolls; first card image broken.,Only flower products; all images load.,raw/recon/cat_0_flower.png,2026-09-27 12:33 PM PT
J04,www.thecurecompany.com,Filter,pass,Ticked TYPE = Indica on /category?name=flower.,"Result count 315 -> 62; cards updated. Filter lists contain duplicates/placeholders (Pre-Rolls vs Pre-rolls, Root category, Custom Brand) and sizes are not in numeric order.",Filter narrows results.,raw/recon/cat_2_indica.png,2026-09-27 12:33 PM PT
J05,www.thecurecompany.com,Sort,fail,Looked for a sort control on /category?name=flower and /query.,No sort control exists (no select or sort UI).,Sort by price / name / newest.,raw/recon/cat_0_flower.png,2026-09-27 12:33 PM PT
J06,www.thecurecompany.com,Search,pass,Typed 'alien og' in the shop search; then searched 'zzqqxxnotaproduct'.,10 results for 'alien og'; nonsense query shows 'No Products Found' (filter panel still lists 4 brands).,Relevant results; clear empty state.,raw/recon/search_1_alien.png ; raw/recon/search_2_noresults.png,2026-09-27 12:33 PM PT
J07,www.thecurecompany.com,Product page,pass with friction,Opened 'Alien OG - Smalls' from search.,"Name, brand, category, price $79.41, description, Add To Cart. No size/weight, THC/CBD or quantity selector; 'Related Products' is the generic flower list with broken images.","Size, potency and quantity visible before adding.",raw/recon/pdp_0.png,2026-09-27 12:33 PM PT
J08,www.thecurecompany.com,Variants,not testable,Looked for size/weight variants on product pages.,Products have no variant selector; each size is a separate product card with the same name (e.g. 'Alien OG - Smalls' $79.41 and $142.94).,Variant picker or size shown on each card.,raw/recon/search_1_alien.png,2026-09-27 12:33 PM PT
J09,www.thecurecompany.com,Add to cart,pass,Clicked Add To Cart on product page.,"Button turns into a trash/qty/+ control; bottom cart bar shows 1 item and $99.99 (tax-inclusive, unlabeled).",Item added with confirmation.,raw/recon/cart_0_after_add.png,2026-09-27 12:33 PM PT
J10,www.thecurecompany.com,Change quantity,pass,In My Bag clicked + then -.,"qty 2: line $158.82, To Pay $200.00; back to qty 1: $79.41 / $99.99.",Line and total update.,raw/recon/cart_2_qty2.png,2026-09-27 12:33 PM PT
J11,www.thecurecompany.com,Invalid promo code,pass with friction,Guest bag/checkout: looked for a promo field (none). Logged-in checkout: entered QA-INVALID-0000 in 'Enter a promo' and clicked Apply.,"Guest: no promo field in bag or checkout step 1. Logged in: PUT /explicitDiscount 200; toast 'Invalid or expired promo code' shows for ~2 s then disappears; totals unchanged ($99.99); pageerror ""Cannot read properties of null (reading 'classList')"".",Invalid code rejected with a message that stays next to the field; promo field visible to all shoppers.,journeys/C05_invalid_promo.png ; journeys/C05b_invalid_promo_after.png,2026-09-27 12:36 PM PT
J12,www.thecurecompany.com,Create account,pass with friction,"Filled /signup (phone 213-555-0147 fictional, test inbox email). Tested empty submit and password mismatch first.","Empty: 'Please fill in all fields'. Mismatch: 'Passwords do not match' (shown twice). Valid: POST /register 200, then an OTP field ('SUBMIT OTP'); welcome email and 'one time code to login' email arrive in ~1 min.",Account created; clear next step.,journeys/A01_signup_empty_submit.png ; journeys/A02_signup_password_mismatch.png ; journeys/A04_signup_after_register.png,2026-09-27 12:33 PM PT
J13,www.thecurecompany.com,Verify email via test inbox (OTP),pass with friction,Password login before verifying; then 'Login using one time code' -> Send OTP -> code from test inbox -> Login.,Unverified password login: API says 'Please verify your account first. Use OTP login' but UI shows 'Invalid email or password' for ~2 s. OTP email arrived in ~5 s; OTP login succeeded and account became usable. Console error 'Error syncing bag ... totalItemsInCart' after login.,Clear 'verify your account' message; OTP verifies.,journeys/A07b_login_unverified_invalid_msg.png ; journeys/A09_otp_sent.png ; journeys/A11_after_otp_login.png,2026-09-27 12:33 PM PT
J14,www.thecurecompany.com,Loyalty sign-up / points,fail,"Logged in as the new member; opened /profile; tried /rewards, /loyalty.","API: isLoyaltyUser true, program active with tiers (Tier 1: 'Earn scan points to redeem coupons'). UI shows no points, tier or rewards anywhere; console 'Tiers container not found'; wallet-pass request 404; /rewards and /loyalty 404.","Member can see points balance, tier and how to earn/redeem.",journeys/A12_profile.png,2026-09-27 12:36 PM PT
J15,www.thecurecompany.com,Checkout up to payment/order step,pass with friction (stopped before Place Order),"Logged in, added Alien OG - Smalls, /checkout: step 1 User Details (prefilled) -> Continue -> step 2 Identification.","Step 2 asks for Government ID and Patient ID uploads; 'Place Order' is enabled even with no ID uploaded. No payment step, pickup time, or payment method is shown before Place Order. Stopped here (did not upload ID or click Place Order). Guest checkout requires an email OTP first.","Clear pickup time, payment method and what ID is required before placing the order.",journeys/C04_checkout_step1.png ; journeys/C06_checkout_step2.png,2026-09-27 12:36 PM PT
J16,www.thecurecompany.com,Price consistency product -> bag -> checkout,pass with friction,"Compared Alien OG - Smalls prices on search card, product page, bag and checkout.",Card $79.41 = PDP $79.41 = bag line $79.41 = checkout line $79.41 = checkout subtotal $79.41; taxes 7.54+13.04 -> To Pay $99.99 in bag and checkout (math correct). But the sticky bag bar shows $99.99 right after adding a $79.41 item with no 'incl. tax' label; the PDP/cards never mention that ~26% tax is added.,Consistent prices and clear tax labeling before the bag.,journeys/C02_pdp_price.png ; journeys/C03_added_bottom_bar.png ; journeys/C04_checkout_step1.png,2026-09-27 12:36 PM PT
J17,www.thecurecompany.com,Remove item from bag,pass,My Bag -> Delete on the only line.,Line removed; bag empty; /checkout shows 'Your cart is empty' (with 2 JS errors in console on the empty checkout page).,"Item removed, empty state.",journeys/C07_bag_before_delete.png ; journeys/C08_bag_after_delete.png,2026-09-27 12:36 PM PT
J18,www.thecurecompany.com,Log out / log in,pass,Profile -> Log out; opened /profile logged out; logged in with email + password.,Logout clears session and returns home; /profile redirects to /login?from=%2Fprofile; password login succeeds and returns to home (not back to the page I came from).,Logout/login work.,journeys/A13_after_logout.png ; journeys/A14_password_login.png,2026-09-27 12:37 PM PT
J19,www.thecurecompany.com,Password reset via test inbox,pass with friction,"/forgot-password (empty submit, then test email) -> email 'Request to reset password' -> opened link -> saved new password -> logged in with new, old rejected.","Empty: 'Please enter email or phone number'. Request: 'Instructions for reset password sent to ...' + 'Reset link sent successfully'. Email arrived in <30 s from info@curecompany.com. The link's href has no https:// scheme (www.thecurecompany.com/reset-password?passwordToken=...), so it had to be opened manually. New password worked, old rejected. The same link then accepted a second new password (link not single-use; token has no exp claim).",Working clickable https link; link single-use and expiring.,journeys/A16_forgot_submitted.png ; journeys/A17_reset_link_opened.png ; journeys/A19_old_password_rejected.png ; journeys/A21_used_reset_link_reopened.png ; journeys/A23_login_with_password_from_reused_link.png,2026-09-27 12:39 PM PT
J20,www.thecurecompany.com,Newsletter / VIP list signup,blocked,Footer 'JOIN VIP LIST' (opens lab.alpineiq.com/join/c/4413/109731 in a new tab) and the auto pop-up; submitted empty to see validation only.,"Only newsletter on the site is AlpineIQ 'Sign Up For VIP Deals': Mobile Phone, Favorite Store and a drawn Signature are required, email optional, and the consent covers autodialed texts/calls. No email-only option; account profile has no newsletter toggle. Empty submit: 'This field is required' x5 and a 'You must agree to the terms and conditions' toast (consent checkbox sits below the Sign Up button). Not submitted: needs a real mobile number + SMS consent; no test phone was provided.",Email-only newsletter option that the test inbox can confirm.,journeys/N01_vip_form.png ; journeys/N03_vip_empty_submit.png,2026-09-27 12:40 PM PT
J21,www.thecurecompany.com,Guest bag kept after logging in,fail,"Fresh session: passed gate, chose Melrose, added Alien OG - Smalls (guest checkout shows it), then logged in with email + password and reopened /checkout.",Bag is emptied on login: /checkout shows 'Your cart is empty'; localStorage cart removed; console 'Error syncing bag: TypeError: Cannot read properties of undefined (reading totalItemsInCart)' (global.js:3930).,Guest bag merged into the account bag on login.,journeys/R1_guest_checkout_has_item.png ; journeys/R1_after_login_cart_empty.png,2026-09-27 12:42 PM PT
J22,www.thecurecompany.com,Mobile (390x844) shop -> bag -> checkout,pass with friction,"iPhone 13 emulation: arrival, age gate, hamburger menu, location, product, add to cart, bag, checkout step 1.","VIP pop-up covers the age gate on arrival. Hamburger menu has no Shop/Products link (BRAND, LOCATIONS, GENETICS, WHOLESALE, ABOUT US, CONTACT US, Log In); BRAND goes to the apex domain (thecurecompany.com/brand?...) and 301s back. The UserWay accessibility button sits on top of the sticky 'Checkout' button (text reads 'Check'). No horizontal overflow on bag/checkout.",Shop link in the menu; nothing covering the Checkout button.,journeys/M01_mobile_arrival.png ; journeys/M03_mobile_menu_open.png ; journeys/M07_mobile_added.png ; journeys/M09_mobile_checkout.png,2026-09-27 12:44 PM PT
