issue_id,severity,title,verdict,status_in_report,checked_at_pt,evidence,screenshot
SEC-1,Critical,"Password-reset link can be reused after it has been used, and the token has no expiry",confirmed,confirmed,2026-09-27 01:17 PM PT,"Fresh reset requested 2026-09-27 01:17 PM PT (email received 2026-09-27 1:17 PM PT). Link opened, password A saved (HTTP 200); the SAME link opened again and password B saved: HTTP 200, success=True. Login with A: False; login with B: True. Token claims ['data', 'iat'], exp present: False. Also: a link already used twice at ~12:50 PM PT set a third password at 1:09 PM PT.",screenshots/reverify/RV_reset_second_save.png
H-1,High,Guest bag is emptied when the shopper logs in,confirmed,confirmed,2026-09-27 01:14 PM PT,"Guest added Strawberry Jam (not in the account's saved bag) and it was listed at checkout: True. After logging in (success=True) checkout lists Strawberry Jam: False; Alien OG (the account's saved bag): False. Console: [""Error syncing bag: TypeError: Cannot read properties of undefined (reading 'totalItemsInCart')""].",screenshots/reverify/H1_after_login_checkout.png
H-2,High,Password-reset email link has no https:// scheme,confirmed,confirmed,2026-09-27 01:17 PM PT,"Fresh reset email (2026-09-27 1:17 PM PT, from info@curecompany.com): link href starts ""www.thecurecompany.com/reset-password"" with no https:// scheme. Opened from a web page it resolves relative to that page (demo 12:53 PM PT: localhost/www.thecurecompany.com/reset-password -> 404).",screenshots/reset_email_link_click_result.png
H-3,High,Loyalty program is invisible to members,confirmed,confirmed,2026-09-27 01:13 PM PT,"Logged-in /profile shows the word points or tier: False; loyalty/tier requests: [(404, 'omer-backend-production.batchsys.com/api/v1/brand/loyalty/pass/loyalty'), (200, 's://customer-backend-production.batchsys.com/api/v1/user/loyalty/brand'), (200, 'rway.org/api/img-dscr/v2/VdlzZw6aXL/3797231/C3K0vTzgAYVHh0GQ/alts.json'), (200, 'rway.org/api/img-dscr/v2/VdlzZw6aXL/3797231/C3K0vTzgAYVHh0GQ/alts.json')]; console: ['Tiers container not found']; [('/rewards', 404), ('/loyalty', 404)].",screenshots/reverify/H3_profile_no_loyalty.png
H-4,High,"Unverified account login says ""Invalid email or password""",could-not-reverify,not rechecked,2026-09-27 01:18 PM PT,Needs an unverified account; the only test account is now verified and a second account would need another phone number. Evidence is the 12:3x PM PT video (unverified_login_shows_invalid_password): the UI said 'Invalid email or password' while the API answered 'Please verify your account first'.,journeys/A07b_login_unverified_invalid_msg.png
M-1,Medium,Prices change after a store is chosen,confirmed,confirmed,2026-09-27 01:17 PM PT,"/shop re-check: 17 product names appear once before and once after choosing Melrose; 6 keep the same price, 11 change, e.g. [('Top Shelf Cultivation - Whoa Si Whoa Preroll - 1 g', '$8.71', '$8.74'), ('Kingroll - 4-Pack Zoap x Permanent Marker Hybrid - 3 g', '$29.31', '$31.76'), ('Kingroll - Single Grandi Guava x Grapefruit Romulan - 1.3 g', '$14.29', '$15.88')].",screenshots/reverify/M1_shop_after_store.png
M-2,Medium,Bag total is tax-inclusive but unlabeled; product page never mentions tax,confirmed,confirmed,2026-09-27 01:13 PM PT,"Strawberry Jam product page (first price on page $11.91); after Add To Cart the bottom bar reads ""1 | $15 | View Cart | Checkout"" with no label. Product page mentions tax above Related Products: False.",screenshots/reverify/M2_bar_after_add.png
M-3,Medium,No sort control on category or search pages,confirmed,confirmed,2026-09-27 01:17 PM PT,"/category?name=flower: visible selects 0, the word 'sort' on the page: False.",screenshots/reverify/M3_category_no_sort.png
M-4,Medium,"Promo code: members only, error disappears in about 2 s, script error",confirmed,confirmed,2026-09-27 01:24 PM PT,"Guest checkout promo fields: 0. Logged in: promo field present (1); entered QA-INVALID-0000 and pressed Apply: 'Invalid or expired promo code' visible from 0.75 s to 3.75 s after the click, then gone; no message next to the field; page error: [""pageerror: Cannot read properties of null (reading 'classList')""]. PUT explicitDiscount -> 200.",screenshots/reverify/M4_promo_message_live.png
M-5,Medium,Checkout step 2: Place Order enabled without ID; no pickup time or payment info,confirmed,confirmed,2026-09-27 01:12 PM PT,"Logged-in checkout (Place Order never clicked): #place-order disabled at step 1: True; at step 2 (Identification) with no Government ID or Patient ID uploaded, disabled: False (i.e. enabled). Step 2 mentions a pickup time: False; a payment method: False.",screenshots/reverify/RV_step2_place_order.png
M-6,Medium,"VIP pop-up opens over the age gate and is the only newsletter; needs phone, signature and SMS/autodial consent",confirmed,confirmed,2026-09-27 01:08 PM PT,"Fresh session: the AlpineIQ 'Sign Up For VIP Deals' iframe (https://lab.alpineiq.com/join/c/4413/109731) is visible on arrival while the age gate is showing; document.elementFromPoint at the YES button returns the IFRAME, so the pop-up must be closed before YES can be pressed. Required fields per the form: First Name*, Last Name*, Mobile Phone*, Favorite Store*, Signature*.",screenshots/reverify/RV_arrival_vip_over_gate.png
M-7,Medium,Mobile menu has no Shop link; BRAND points at the bare domain,confirmed,confirmed,2026-09-27 01:09 PM PT,"Mobile 390x844 hamburger menu links: BRAND, LOCATIONS, GENETICS, WHOLESALE, ABOUT US, CONTACT US, Log In; a Shop link present: False; BRAND -> https://thecurecompany.com/brand?name=the%20cure%20company (apex domain, 301 to www).",screenshots/reverify/RV_mobile_menu.png
M-8,Medium,UserWay accessibility icon covers the sticky Checkout button,confirmed,confirmed,2026-09-27 01:19 PM PT,"Mobile 390x844 PDP after Add To Cart: sticky Checkout button at x=254 y=786 w=126 h=38. document.elementFromPoint at its centre and right edge returns the UserWay widget (SPAN.usr), not the button: [(286, 'A.primarybutton w-button'), (317, 'SPAN.usr'), (372, 'SPAN.usr')].",screenshots/reverify/M8_userway_over_checkout_live.png
M-9,Medium,"98 sitemap product URLs contain an unencoded ""#"" and open an empty page",confirmed,confirmed,2026-09-27 01:17 PM PT,Sitemap URL with an unencoded '#' (https://www.thecurecompany.com/product?slug=community-cannabis---dosi-cake-#10---rosin--1g...) opens with no product name or price above Related Products: True. 98 of 8554 sitemap product URLs contain '#'.,screenshots/reverify/M9_hash_url_empty.png
M-10,Medium,"Catalogue data quality: placeholder category, duplicate categories, pre-rolls in Flower, same names with no size",confirmed,confirmed,2026-09-27 01:08 PM PT,"/category?name=flower filters (2026-09-27 01:08 PM PT): CATEGORIES include 'Pre-Rolls' and 'Pre-rolls' and 'Root category'; BRANDNAMES include 'Custom Brand': True; SIZE list in text order (0.35g, 0.5g, 0.75g, 0.7g, 1.25g, 1.2g...). Search 'alien og' after choosing Melrose shows two cards named 'Alien OG - Smalls' at ['$142.94', '$79.41'] with no size. Crawl: 6/60 sampled product pages show category 'Root category'.",screenshots/reverify/RV_category_flower.png
M-11,Medium,"Product page lacks size, potency and quantity before adding",confirmed,confirmed,2026-09-27 01:09 PM PT,"PDP 'Alien OG - Smalls': 0 visible size/variant selects, THC/potency value shown: False, quantity control before adding: False. Related products section present: True.",screenshots/reverify/M11_pdp.png
M-12,Medium,Most pages take 3 s or more to load,confirmed,confirmed,2026-09-27 01:10 PM PT,"Second, sequential load sample (96 URLs, one fresh context each): 7/96 under 3 s, median 3170 ms, max 3850 ms. First sample: 10/96 under 3 s, median 3203 ms.",
M-13,Medium,Product images on S3 return 403,confirmed,confirmed,2026-09-27 01:07 PM PT,"GET of the 6 product image URLs from the crawl: HTTP [403, 403, 403, 403, 403, 403] (AccessDenied XML).",screenshots/pages/desktop_product_slug_.5g_pod---do-si-dos-stiiizy-root-category-0.5-33839.png
M-14,Medium,Production site loads its commerce scripts from a staging host,confirmed,confirmed,2026-09-27 01:07 PM PT,"Home page HTML references 29 script URLs on webflow-plugin-stage-api.batchsys.com, e.g. https://webflow-plugin-stage-api.batchsys.com/scripts/UIComponents.js; data API is customer-backend-production.batchsys.com.",screenshots/evidence/staging_scripts.png
M-15,Medium,"Cookie notice says no personal data is collected, but ad-tech cookies are set before consent",confirmed,confirmed,2026-09-27 01:17 PM PT,"Before pressing YES (age gate still showing: True): 14 cookies set, 10 of them from ad-tech domains ['.crwdcntrl.net', '.doubleclick.net', '.exelator.com', '.quantserve.com', '.sitescout.com']. The notice says 'we never collect any personal data'. There is no accept/decline choice.",screenshots/reverify/M6_popup_over_age_gate.png
L-1,Low,Prop 65 warning link is black on black at checkout,confirmed,confirmed,2026-09-27 01:09 PM PT,"Checkout Prop 65 link ""p65warnings.ca.gov"": text colour rgb(0, 0, 0) on background rgb(0, 0, 0) (link outlined in blue in the screenshot).",screenshots/reverify/L1_prop65_link.png
L-2,Low,Store names shown as slugs in the location picker,confirmed,confirmed,2026-09-27 01:17 PM PT,"Location picker shows slug-style names: ['CCC-by-The-Cure-Company', 'The-Cure-Company-Crenshaw', 'The-Cure-Company-DTPG', 'The-Cure-Company-Melrose', 'The-Cure-Company-Pico', 'The-Cure-Company-South-LA'].",screenshots/reverify/L2_location_picker_slugs.png
L-3,Low,"Privacy and Terms show invalid ""Last updated"" dates",confirmed,confirmed,2026-09-27 01:07 PM PT,Last-updated dates in page HTML: /privacy: 2023-13-03; /terms: 2023-21-04 (month 13 and 21 do not exist; likely YYYY-DD-MM).,screenshots/pages/desktop_privacy.png
L-4,Low,"Leftover /framework page in the sitemap (""Mochakk Hollywood Takeover"")",confirmed,confirmed,2026-09-27 01:07 PM PT,"/framework -> HTTP 200, title ""Framework - Mochakk Hollywood Takeover""; page listed in sitemap.xml.",screenshots/pages/desktop_framework.png
L-5,Low,"Generic page titles, missing H1s, minimal robots.txt",confirmed,confirmed,2026-09-27 01:07 PM PT,"robots.txt is only: ""Sitemap: https://www.thecurecompany.com/sitemap.xml"". Titles: /login = ""Login""; /signup = ""Sign Up""; /forgot-password = ""Forgot Password""; /category?name=flower = ""Category""; /query?search=alien = ""Query"". 92/96 crawled pages have no H1.",screenshots/evidence/robots_titles.png
L-6,Low,"Account emails: wrong sender domain, test assets, confusing subject and order",confirmed,confirmed,2026-09-27 01:07 PM PT,"Test inbox: sender(s) ['info@curecompany.com'] (site domain is thecurecompany.com); subjects {'Request to reset password for The Cure Company': 2, 'The Cure Company: one time code to login': 2, 'Welcome to The Cure Company': 1}; sign-up code email subject says 'one time code to login'; welcome email arrived at the same second as the first code (2026-09-27 12:31 PM PT), i.e. before verification; latest email loads images from a Cloudinary '/test/' folder: True.",screenshots/evidence/email_facts.png
L-7,Low,Controls built from divs and unlabelled text,confirmed,confirmed,2026-09-27 01:17 PM PT,"Mobile 390x844 /category?name=flower filter panel: the text 'Indica' is a SPAN with cursor:pointer, inside a <label>: False; after tapping it the Indica checkbox is checked: [False]. Age gate YES is a DIV, not a button; the gate has no checkbox: True; Tab reaches YES: False.",screenshots/reverify/L7_mobile_label_tap.png
L-8,Low,Duplicate country codes in the checkout phone list,confirmed,confirmed,2026-09-27 01:25 PM PT,"Logged-in checkout: the one country-code <select> (#countryCode-checkout) has 227 options; 25 entries appear twice, e.g. US (+1), JP (+81), RU (+7), ES (+34), NL (+31), NO (+47), SE (+46), CH (+41) (also CZ, MY, NZ).",
L-9,Low,Script errors after login (bag sync and order summary),confirmed,confirmed,2026-09-27 01:14 PM PT,"Console errors right after login: [""Error syncing bag: TypeError: Cannot read properties of undefined (reading 'totalItemsInCart')""]. Empty guest /checkout logged 0 errors at re-check.",
L-10,Low,82 visible images have no alt text,confirmed,confirmed,2026-09-27 01:17 PM PT,"/shop: 120 of 120 visible product card images have no alt text. Crawl total: 82/1111 visible non-decorative images without alt (67 shop cards, 10 location thumbnails, 4 footer icons, 1 footer logo).",
